{"MasterDataFilePath": "S:\\Test_MasterData\\",
"ChannelGenreMappingSheet": "S:\\ChannelGenreMappingSheet\\Archived",
"PlanFilePath": "S:\\WM_ChannelSelectionProcess\\Plans\\Plans",
"PlanFilePathFormat": "\\<Location>\\<Client>\\<CampaignId>\\<Planner>\\<Version>",
"MasterDataFormatLocationClients": ["Location","Clients","Brands","Client Leads1","Client Leads2"],
"MasterDataFormatTG": ["Target Group","Explanation (Tooltip)"],
"Markets": ["Market","Explanation (Tooltip)"],
"ChannelMappingSheet":["ATOM Channels", "Genre", "BARC Channels", "Market","Accel n Genre", "Channel Type"],
"BudgetAllocation": ["Channel Genre", "Channel", "Outlay", "FCT", "AvgER", "CPRP1", "CPRP2", "Budget Channels"], 
"SpilloverSheet": ["Markets"],
"AcceleratedFile":["Channels", "Reach", "Share"],
"BuyingBasket":["DealId", "DealVersionId", "Advertiser", "Brand", "Campaign", "Channel", "Programme", "Start_Day", "End_Day", "Start_Time", "End_Time", "PT/NPT", "Impact", "Gross_Rate", "FCT", "FCT_Dispersion", "Cost", "TVR_Based_On", "TVRs1", "AFTVRs1", "NGRPs1", "Program_CPRP1", "TVRs2", "AFTVRs2", "NGRPs2", "Program_CPRP2", "GenreName", "GenreSequence", "channelsequence"],
"Admins":["Location", "Admins"],
"DataBaseName":"INDTVAUTOSTG",
"Host":"wmflowdbstg.database.windows.net",
"User":"flowdbstg@wmflowdbstg",
"Password1":"WMFl0wdb@stg!",
"Password":"$t@g1ngdbFl0w",
"DRIVER":"{ODBC Driver 17 for SQL Server}",
"Tempzipfolder":"C:\\temp_zip",
"Tempmultiplefilefolder":"C:\\temp_multiple_file",
"Tempzipmultiplefilefolder":"C:\\temp_zip\\multiple_files",
"Tempsinglefile":"C:\\temp_single_file\\",
"Envirolment":"staging",
"Sstring":"DRIVER={ODBC Driver 17 for SQL Server};SERVER=wmflowdbstg.database.windows.net;DATABASE=INDTVAUTOSTG;UID=flowdbstg@wmflowdbstg;PWD=WMFl0wdb@stg!;Encrypt=yes",
"Pstring":"DRIVER={ODBC Driver 17 for SQL Server};SERVER=wmflowdbprod.database.windows.net;DATABASE=INDTVAUTOPROD;UID=wmflowdbprod;PWD=WMFl0wdb@pr0d!;Encrypt=yes",
"Dstring":"DRIVER={ODBC Driver 17 for SQL Server};SERVER=DFKT57S2;DATABASE=WMFlow;Encrypt=yes;Trusted_Connection=yes"
}